trial_id,ipd_hba1c,agg_hba1c,any_hba1c,ipd_mace,agg_mace,any_mace,exclude,exclusion_reason,exclusion_note,note
100-IRMI/PRI 16/6/2 (007/2017),0,1,1,0,0,0,0,NA,NA,NA
2004-004559-21,0,1,1,0,0,0,0,NA,NA,NA
2008-008367-95,0,1,1,0,0,0,1,no dispersion statistics reported,NA,NA
2012-001941-42,0,1,1,0,0,0,0,NA,NA,NA
2013-002348-99,0,0,0,0,0,0,1,wrong phase/study design,<12 weeks. NA,NA
2014-003923-23,0,1,1,0,0,0,0,NA,NA,NA
2016-000172-19,0,1,1,0,0,0,0,NA,NA,NA
2016-000574-38,0,1,1,0,0,0,0,NA,NA,NA
2016-002225-10,0,1,1,0,0,0,0,NA,NA,NA
"2017-001,454-33",0,1,1,0,0,0,1,combination treatments only,NA,NA
2017-001779-22,0,0,0,0,0,0,1,weight only,weight only. Does not report change in hba1c only weigh,NA
2017-003370-13,0,0,0,0,0,0,1,wrong intervention,wrong intervention (Combination insulin and GLP-1). Combination insulin and GLP-1,NA
ACTRN12616001059459,0,1,1,0,0,0,0,NA,NA,NA
ChiCTR1800015296,0,1,1,0,0,0,0,NA,NA,NA
ChiCTR-1800015658,0,1,1,0,0,0,0,NA,NA,NA
ChiCTR1800015822,0,0,0,0,0,0,1,no results reported,"Results uninterpretable. Low resolution figure showing HBA1c at day 0, day 14 and week 12 in each arm only",NA
ChiCTR1800019864,0,1,1,0,0,0,1,no dispersion statistics reported,"No dispersion statistics reported. HbA1c change is in paper - https://www.hindawi.com/journals/jdr/2022/4126995/. ""After 24 weeks, significant decreases in HbA1c (liraglutide group: ?2.14% p <=0.001; dapagliflozin group: ?1.78%, p<0.001), "" but no dispersion statistics",NA
ChiCTR1900021861,0,0,0,0,0,0,1,no results reported,No results reported,NA
ChiCTR2000035091,0,1,1,0,0,0,0,NA,NA,NA
ChiCTR2000037951,0,1,1,0,0,0,0,NA,NA,NA
ChiCTR2100054678,0,1,1,0,0,0,0,NA,NA,NA
ChiCTR-IPR-14005568,0,1,1,0,0,0,0,NA,NA,NA
ChiCTR-IPR-15006558,0,0,0,0,0,0,1,wrong comparator,"wrong comparator (same drug in both arms, branded versus generic). NA",NA
ChiCTR-IPR-16008578,0,1,1,0,0,0,0,NA,NA,NA
ChiCTR-IPR-17010825,0,1,1,0,0,0,0,NA,NA,NA
ChiCTR-IPR-17011120,0,1,1,0,0,0,0,NA,NA,NA
ChiCTR-OPC-16008152,0,1,1,0,0,0,0,NA,NA,NA
ChiCTR-PPR-15007045,0,0,0,0,0,0,1,weight only,NA,NA
ChiCTR-TRC-12002676,0,1,1,0,0,0,1,no dispersion statistics reported,NA,NA
ChiCTR-TRC-13003858,0,1,1,0,0,0,0,NA,NA,NA
ChiCTR-TRC-14005224,0,0,0,0,0,0,1,weight only,NA,NA
CTR20131268,0,1,1,0,0,0,1,only reported outcomes as medians or percentage change,NA,NA
CTRI/2017/02/007766,0,1,1,0,0,0,0,NA,NA,NA
CTRI/2017/06/008891,0,1,1,0,0,0,0,NA,NA,NA
CTRI/2017/07/009121,0,1,1,0,0,0,0,NA,NA,NA
EudraCT 2017-000240-17,0,1,1,0,0,0,1,"unclear which treatment regime level (mono, dual or triple",NA,NA
Hawler Medical University records of the clinical trials: No.276,0,1,1,0,0,0,0,NA,NA,NA
IRCT20090905002417N23,0,1,1,0,0,0,0,NA,NA,NA
IRCT201306100,0,0,0,0,0,0,1,no results reported,Results uninterpretable. Ambiguous whether HbA1c measure is at baseline or follow-up,NA
IRCT20190122042450N3,0,1,1,0,0,0,1,"unclear which treatment regime level (mono, dual or triple",NA,NA
IRCT20190412043247N2,0,1,1,0,0,0,0,NA,NA,NA
IRCT20200722048176N1,0,1,1,0,0,0,0,NA,NA,NA
IRCT20201028049174N1,0,1,1,0,0,0,1,no dispersion statistics reported,NA,NA
IRSCTN 2013L01573,0,1,1,0,0,0,0,NA,NA,NA
JapicCTI-101351,0,1,1,0,0,0,1,Disconnected from network.,NA,NA
JapicCTI-101352,0,1,1,0,0,0,1,Disconnected from network.,NA,NA
JapicCTI-111507,0,1,1,0,0,0,1,no dispersion statistics reported,NA,NA
JapicCTI-111543,0,1,1,0,0,0,0,NA,NA,NA
JapicCTI-111661,0,1,1,0,0,0,0,NA,NA,NA
JapicCTI-132348,0,1,1,0,0,0,1,no dispersion statistics reported,NA,NA
jRCTs031180159,0,1,1,0,0,0,0,NA,NA,NA
jRCTs031180205,0,1,1,0,0,0,0,NA,NA,NA
jRCTs071190054,0,0,0,0,0,0,1,no results reported,No results reported,NA
KCT0005169,0,1,1,0,0,0,0,NA,NA,NA
NCT00035984,0,1,1,0,0,0,0,NA,NA,NA
NCT00039013,0,1,1,0,0,0,0,NA,NA,NA
NCT00039026,0,1,1,0,0,0,0,NA,NA,NA
NCT00082381,0,1,1,0,0,0,0,NA,NA,NA
NCT00082407,0,1,1,0,0,0,0,NA,NA,NA
NCT00086502,0,1,1,0,0,0,0,NA,NA,NA
NCT00086515,0,1,1,0,0,0,0,NA,NA,NA
NCT00087516,0,1,1,0,0,0,0,NA,NA,NA
NCT00094757,0,1,1,0,0,0,0,NA,NA,NA
NCT00094770,0,1,1,0,0,0,0,NA,NA,NA
NCT00097500,0,1,1,0,0,0,0,NA,NA,NA
NCT00099320,0,1,1,0,0,0,0,NA,NA,NA
NCT00099619,0,0,0,0,0,0,1,weight only,NA,NA
NCT00099853,0,1,1,0,0,0,0,NA,NA,NA
NCT00099866,0,1,1,0,0,0,0,NA,NA,NA
NCT00099892,0,1,1,0,0,0,0,NA,NA,NA
NCT00099905,0,1,1,0,0,0,0,NA,NA,NA
NCT00099918,0,1,1,0,0,0,0,NA,NA,NA
NCT00099931,0,1,1,0,0,0,0,NA,NA,NA
NCT00099944,0,1,1,0,0,0,0,NA,NA,NA
NCT00101673,0,1,1,0,0,0,1,single arm trial after collapsing by drug or drug and dose,"Fewer than 2 arms after collapsing arms as follows:- Simplify insulins to a single code A10A. Keep dose for metformin, SGLT2, GLP1 and DPP4. drop dose for drug class level comparisons and drugs not in key classes. Reduce to drug (ie remove dose and regimen) for the trials in these remaining classes.",NA
NCT00101712,0,1,1,0,0,0,0,NA,NA,NA
NCT00101803,0,1,1,0,0,0,0,NA,NA,NA
NCT00102388,0,1,1,0,0,0,1,no dispersion statistics reported,NA,NA
NCT00102466,0,1,1,0,0,0,0,NA,NA,NA
NCT00103857,0,1,1,0,0,0,0,NA,NA,NA
NCT00106340,0,1,1,0,0,0,0,NA,NA,NA
NCT00106704,0,1,1,0,0,0,0,NA,NA,NA
NCT00110240,0,1,1,0,0,0,0,NA,NA,NA
NCT00120536,0,1,1,0,0,0,0,NA,NA,NA
NCT00121641,0,1,1,0,0,0,0,NA,NA,NA
NCT00121667,0,1,1,0,0,0,0,NA,NA,NA
NCT00135330,0,1,1,0,0,0,0,NA,NA,NA
NCT00138541,0,0,0,0,0,0,1,no results reported,No results reported,NA
NCT00138567,0,1,1,0,0,0,0,NA,NA,NA
NCT00138606,0,0,0,0,0,0,1,no results reported,No results reported,NA
NCT00138619,0,1,1,0,0,0,1,no dispersion statistics reported,NA,NA
NCT00237237,0,1,1,0,0,0,0,NA,NA,NA
NCT00286429,1,1,1,0,0,0,0,NA,NA,NA
NCT00286442,1,1,1,0,0,0,0,NA,NA,NA
NCT00286455,1,1,1,0,0,0,0,NA,NA,NA
NCT00286468,1,1,1,0,0,0,0,NA,NA,NA
NCT00286494,1,1,1,0,0,0,0,NA,NA,NA
NCT00289848,0,1,1,0,0,0,0,NA,NA,NA
NCT00294723,0,1,1,0,0,0,0,NA,NA,NA
NCT00295633,0,1,1,0,0,0,0,NA,NA,NA
NCT00300287,0,1,1,0,0,0,0,NA,NA,NA
NCT00305604,0,1,1,0,0,0,0,NA,NA,NA
NCT00306384,1,1,1,0,0,0,1,wrong phase/study design,Open label extension study data only,NA
NCT00308139,0,1,1,0,0,0,0,NA,NA,NA
NCT00313001,0,1,1,0,0,0,0,NA,NA,NA
NCT00313313,0,1,1,0,0,0,0,NA,NA,NA
NCT00316082,0,1,1,0,0,0,0,NA,NA,NA
NCT00318422,0,1,1,0,0,0,1,no dispersion statistics reported,NA,NA
NCT00318461,0,1,1,0,0,0,0,NA,NA,NA
NCT00324363,0,1,1,0,0,0,0,NA,NA,NA
NCT00325117,0,1,1,0,0,0,0,NA,NA,NA
NCT00327015,0,1,1,0,0,0,0,NA,NA,NA
NCT00328627,0,1,1,0,0,0,0,NA,NA,NA
NCT00331851,0,1,1,0,0,0,0,NA,NA,NA
NCT00333151,0,1,1,0,0,0,0,NA,NA,NA
NCT00337610,0,1,1,0,0,0,0,NA,NA,NA
NCT00350779,0,1,1,0,0,0,0,NA,NA,NA
NCT00351832,0,1,1,0,0,0,0,NA,NA,NA
NCT00351884,0,1,1,0,0,0,0,NA,NA,NA
NCT00359762,0,1,1,0,0,0,0,NA,NA,NA
NCT00360334,0,1,1,0,0,0,1,only reported outcomes as medians or percentage change,HbA1c as count/percentage of individuals achieving. NA,NA
NCT00363519,0,1,1,0,0,0,0,NA,NA,NA
NCT00363948,0,1,1,0,0,0,0,NA,NA,NA
NCT00368134,0,1,1,0,0,0,0,NA,NA,NA
NCT00372060,0,1,1,0,0,0,0,NA,NA,NA
NCT00375492,0,1,1,0,0,0,0,NA,NA,NA
NCT00381342,0,1,1,0,0,0,0,NA,NA,NA
NCT00382096,0,1,1,0,0,0,0,NA,NA,NA
NCT00383578,0,1,1,0,0,0,0,NA,NA,NA
NCT00390520,0,1,1,0,0,0,0,NA,NA,NA
NCT00393718,0,1,1,0,0,0,0,NA,NA,NA
NCT00395343,0,1,1,0,0,0,0,NA,NA,NA
NCT00395512,0,1,1,0,0,0,0,NA,NA,NA
NCT00395746,0,1,1,0,0,0,0,NA,NA,NA
NCT00396227,0,1,1,0,0,0,0,NA,NA,NA
NCT00396357,0,1,1,0,0,0,1,no dispersion statistics reported,NA,NA
NCT00397631,0,1,1,0,0,0,0,NA,NA,NA
NCT00411411,0,1,1,0,0,0,1,only reported outcomes as medians or percentage change,Only reported results as percentage or median change. hba1c given as a median decrease,NA
NCT00411554,0,1,1,0,0,0,0,NA,NA,NA
NCT00425490,0,0,0,0,0,0,1,no results reported,No results reported,NA
NCT00432276,0,1,1,0,0,0,0,NA,NA,NA
NCT00434954,0,1,1,0,0,0,0,NA,NA,NA
NCT00449930,0,1,1,0,0,0,0,NA,NA,NA
NCT00482729,0,1,1,0,0,0,0,NA,NA,NA
NCT00494884,0,1,1,0,0,0,1,no dispersion statistics reported,NA,NA
NCT00509236,0,1,1,0,0,0,0,NA,NA,NA
NCT00509262,0,1,1,0,0,0,0,NA,NA,NA
NCT00516074,0,1,1,0,0,0,0,NA,NA,NA
NCT00518882,0,1,1,0,0,0,0,NA,NA,NA
NCT00528372,0,1,1,0,0,0,0,NA,NA,NA
NCT00528879,0,1,1,0,0,0,0,NA,NA,NA
NCT00541775,0,1,1,0,0,0,0,NA,NA,NA
NCT00575588,0,1,1,0,0,0,0,NA,NA,NA
NCT00577824,0,1,1,0,0,0,0,NA,NA,NA
NCT00601250,1,1,1,0,0,0,0,NA,NA,NA
NCT00602472,1,1,1,0,0,0,0,NA,NA,NA
NCT00603239,0,1,1,0,0,0,0,NA,NA,NA
NCT00614120,0,1,1,0,0,0,0,NA,NA,NA
NCT00614939,0,1,1,0,0,0,0,NA,NA,NA
NCT00616811,0,1,1,0,0,0,0,NA,NA,NA
NCT00620282,0,1,1,0,0,0,0,NA,NA,NA
NCT00621140,1,1,1,0,0,0,0,NA,NA,NA
NCT00622284,1,1,1,0,0,0,0,NA,NA,NA
NCT00637273,0,1,1,0,0,0,0,NA,NA,NA
NCT00641043,1,1,1,0,0,0,0,NA,NA,NA
NCT00641056,0,1,1,0,0,0,0,NA,NA,NA
NCT00643851,0,1,1,0,0,0,0,NA,NA,NA
NCT00654381,1,1,1,0,0,0,0,NA,NA,NA
NCT00655863,0,1,1,0,0,0,0,NA,NA,NA
NCT00660907,0,1,1,0,0,0,0,NA,NA,NA
NCT00661362,0,1,1,0,0,0,0,NA,NA,NA
NCT00666458,0,1,1,0,0,0,0,NA,NA,NA
NCT00667732,0,0,0,0,0,0,1,no results reported,No results reported,NA
NCT00673231,0,1,1,0,0,0,0,NA,NA,NA
NCT00676338,0,1,1,0,0,0,0,NA,NA,NA
NCT00680745,0,1,1,0,0,0,0,NA,NA,NA
NCT00683878,0,1,1,0,0,0,0,NA,NA,NA
NCT00688701,0,1,1,0,0,0,0,NA,NA,NA
NCT00690638,0,0,0,0,0,0,1,no results reported,No results reported,NA
NCT00698932,0,1,1,0,0,0,0,NA,NA,NA
NCT00700817,0,1,1,0,0,0,0,NA,NA,NA
NCT00701090,0,1,1,0,0,0,0,NA,NA,NA
NCT00707031,0,1,1,0,0,0,0,NA,NA,NA
NCT00707993,1,1,1,0,0,0,0,NA,NA,NA
NCT00712673,0,1,1,0,0,0,0,NA,NA,NA
NCT00713830,0,1,1,0,0,0,0,NA,NA,NA
NCT00715624,0,1,1,0,0,0,0,NA,NA,NA
NCT00717457,0,1,1,0,0,0,0,NA,NA,NA
NCT00722371,0,1,1,0,0,0,0,NA,NA,NA
NCT00728351,0,1,1,0,0,0,0,NA,NA,NA
NCT00740051,0,1,1,0,0,0,0,NA,NA,NA
NCT00744367,0,1,1,0,0,0,0,NA,NA,NA
NCT00744926,0,1,1,0,0,0,0,NA,NA,NA
NCT00751114,0,1,1,0,0,0,0,NA,NA,NA
NCT00754988,0,1,1,0,0,0,0,NA,NA,NA
NCT00755287,0,1,1,0,0,0,0,NA,NA,NA
NCT00757588,0,1,1,0,0,0,0,NA,NA,NA
NCT00763451,0,1,1,0,0,0,0,NA,NA,NA
NCT00763815,0,1,1,0,0,0,0,NA,NA,NA
NCT00765817,0,1,1,0,0,0,0,NA,NA,NA
NCT00765830,0,0,0,0,0,0,1,no results reported,Results only given as subgroup. NA,NA
NCT00770081,0,0,0,0,0,0,1,adverse events only,adverse events only. NA,NA
NCT00790205,0,1,1,0,1,1,0,NA,NA,NA
NCT00798161,1,1,1,0,0,0,0,NA,NA,NA
NCT00800683,0,1,1,0,0,0,0,NA,NA,NA
NCT00813995,0,1,1,0,0,0,0,NA,NA,NA
NCT00819091,0,1,1,0,0,0,0,NA,NA,NA
NCT00822211,0,1,1,0,0,0,0,NA,NA,NA
NCT00823992,0,1,1,0,0,0,0,NA,NA,NA
NCT00837577,0,1,1,0,0,0,0,NA,NA,NA
NCT00838903,1,1,1,0,0,0,0,NA,NA,NA
NCT00838916,1,1,1,0,0,0,0,NA,NA,NA
NCT00839527,1,1,1,0,0,0,0,NA,NA,NA
NCT00849017,1,1,1,0,0,0,0,NA,NA,NA
NCT00849056,1,1,1,0,0,0,0,NA,NA,NA
NCT00854035,0,1,1,0,0,0,0,NA,NA,NA
NCT00855166,0,0,0,0,0,0,1,weight only,NA,NA
NCT00856284,1,1,1,0,0,0,0,NA,NA,NA
NCT00859898,0,1,1,0,0,0,0,NA,NA,NA
NCT00866658,0,1,1,0,0,0,0,NA,NA,NA
NCT00870194,0,1,1,0,0,0,0,NA,NA,NA
NCT00875394,0,0,0,0,0,0,1,no results reported,No results reported,NA
NCT00877890,0,1,1,0,0,0,0,NA,NA,NA
NCT00885352,0,1,1,0,0,0,0,NA,NA,NA
NCT00885378,0,1,1,0,0,0,0,NA,NA,NA
NCT00894868,0,1,1,0,0,0,0,NA,NA,NA
NCT00909597,0,1,1,0,0,0,0,NA,NA,NA
NCT00915772,1,1,1,0,0,0,0,NA,NA,NA
NCT00917267,0,1,1,0,0,0,0,NA,NA,NA
NCT00918879,0,1,1,0,0,0,0,NA,NA,NA
NCT00935532,0,1,1,0,0,0,0,NA,NA,NA
NCT00954447,1,1,1,0,0,0,0,NA,NA,NA
NCT00957060,0,1,1,0,0,0,0,NA,NA,NA
NCT00960076,0,1,1,0,0,0,0,NA,NA,NA
NCT00960661,0,1,1,0,0,0,0,NA,NA,NA
NCT00968708,1,0,1,1,0,1,0,NA,NA,NA
NCT00968812,1,1,1,0,0,0,0,NA,NA,NA
NCT00974090,0,1,1,0,0,0,0,NA,NA,NA
NCT00975065,0,0,0,0,0,0,1,no results reported,No results reported,NA
NCT00975286,0,1,1,0,0,0,0,NA,NA,NA
NCT00976391,1,1,1,0,0,0,0,NA,NA,NA
NCT00976937,0,1,1,0,0,0,0,NA,NA,NA
NCT00984867,0,1,1,0,0,0,0,NA,NA,NA
NCT00996658,0,1,1,0,0,0,0,NA,NA,NA
NCT00998881,0,1,1,0,0,0,0,NA,NA,NA
NCT01003184,0,1,1,0,0,0,0,NA,NA,NA
NCT01006590,0,1,1,0,0,0,0,NA,NA,NA
NCT01006603,0,1,1,0,0,0,0,NA,NA,NA
NCT01018173,0,0,0,0,0,0,1,no results reported,No results reported,NA
NCT01023581,1,1,1,0,0,0,0,NA,NA,NA
NCT01026194,0,1,1,0,0,0,0,NA,NA,NA
NCT01028391,0,1,1,0,0,0,0,NA,NA,NA
NCT01029886,0,1,1,0,0,0,0,NA,NA,NA
NCT01031680,0,1,1,0,0,0,0,NA,NA,NA
NCT01032629,1,1,1,1,0,1,0,NA,NA,NA
NCT01042977,0,1,1,0,0,0,0,NA,NA,NA
NCT01046110,0,1,1,0,0,0,0,NA,NA,NA
NCT01057628,0,1,1,0,0,0,0,NA,NA,NA
NCT01064414,0,1,1,0,0,0,0,NA,NA,NA
NCT01064687,1,1,1,0,0,0,0,NA,NA,NA
NCT01075282,1,1,1,0,0,0,0,NA,NA,NA
NCT01076075,0,1,1,0,0,0,0,NA,NA,NA
NCT01076088,0,1,1,0,0,0,0,NA,NA,NA
NCT01076842,0,0,0,0,0,0,1,no results reported,No results reported,NA
NCT01081834,1,1,1,0,0,0,0,NA,NA,NA
NCT01084005,0,1,1,0,0,0,0,NA,NA,NA
NCT01087502,0,1,1,0,0,0,0,NA,NA,NA
NCT01095653,0,1,1,0,0,0,0,NA,NA,NA
NCT01095666,0,1,1,0,0,0,0,NA,NA,NA
NCT01098539,1,1,1,0,0,0,0,NA,NA,NA
NCT01099137,0,1,1,0,0,0,0,NA,NA,NA
NCT01100125,0,1,1,0,0,0,0,NA,NA,NA
NCT01106625,1,1,1,0,0,0,0,NA,NA,NA
NCT01106651,1,1,1,0,0,0,0,NA,NA,NA
NCT01106677,1,1,1,0,0,0,0,NA,NA,NA
NCT01106690,1,1,1,0,0,0,0,NA,NA,NA
NCT01107886,0,0,0,0,1,1,0,NA,NA,NA
NCT01117350,0,1,1,0,0,0,0,NA,NA,NA
NCT01126580,1,1,1,0,0,0,0,NA,NA,NA
NCT01128153,0,1,1,0,0,0,0,NA,NA,NA
NCT01128894,1,1,1,0,0,0,0,NA,NA,NA
NCT01131676,0,0,0,1,0,1,0,NA,NA,NA
NCT01135433,0,1,1,0,0,0,0,NA,NA,NA
NCT01137474,0,1,1,0,0,0,0,NA,NA,NA
NCT01137812,1,1,1,0,0,0,0,NA,NA,NA
NCT01144338,0,0,0,0,1,1,0,NA,NA,NA
NCT01147250,0,0,0,0,1,1,0,NA,NA,NA
NCT01147627,0,1,1,0,0,0,0,NA,NA,NA
NCT01159600,1,1,1,0,0,0,0,NA,NA,NA
NCT01164501,1,1,1,0,0,0,0,NA,NA,NA
NCT01167881,1,1,1,0,0,0,0,NA,NA,NA
NCT01169779,0,1,1,0,0,0,0,NA,NA,NA
NCT01177384,0,1,1,0,0,0,0,NA,NA,NA
NCT01177813,1,1,1,0,0,0,0,NA,NA,NA
NCT01179048,0,0,0,0,1,1,0,NA,NA,NA
NCT01183013,0,1,1,0,0,0,0,NA,NA,NA
NCT01183104,0,1,1,0,0,0,0,NA,NA,NA
NCT01189890,0,1,1,0,0,0,0,NA,NA,NA
NCT01191268,1,1,1,0,0,0,0,NA,NA,NA
NCT01193296,0,1,1,0,0,0,0,NA,NA,NA
NCT01194830,0,1,1,0,0,0,0,NA,NA,NA
NCT01195090,0,1,1,0,0,0,0,NA,NA,NA
NCT01195662,0,1,1,0,0,0,0,NA,NA,NA
NCT01204294,1,1,1,0,0,0,1,combination treatments only,NA,NA
NCT01210001,1,1,1,0,0,0,0,NA,NA,NA
NCT01214239,1,1,1,0,0,0,0,NA,NA,NA
NCT01215097,1,1,1,0,0,0,0,NA,NA,NA
NCT01217892,1,1,1,0,0,0,0,NA,NA,NA
NCT01224366,0,1,1,0,0,0,0,NA,NA,NA
NCT01225081,0,1,1,0,0,0,0,NA,NA,NA
NCT01233622,0,1,1,0,0,0,1,no dispersion statistics reported,NA,NA
NCT01242215,0,1,1,0,0,0,0,NA,NA,NA
NCT01243424,0,1,1,0,1,1,0,NA,NA,NA
NCT01257451,0,1,1,0,0,0,1,no dispersion statistics reported,NA,NA
NCT01270789,0,1,1,0,0,0,0,NA,NA,NA
NCT01272232,0,1,1,0,0,0,0,NA,NA,NA
NCT01289119,1,1,1,0,0,0,0,NA,NA,NA
NCT01294423,0,1,1,0,0,0,0,NA,NA,NA
NCT01296412,0,1,1,0,0,0,0,NA,NA,NA
NCT01306214,1,1,1,0,0,0,0,NA,NA,NA
NCT01316094,0,1,1,0,0,0,0,NA,NA,NA
NCT01336023,0,1,1,0,0,0,0,NA,NA,NA
NCT01341717,0,1,1,0,0,0,0,NA,NA,NA
NCT01357252,0,1,1,0,0,0,0,NA,NA,NA
NCT01368081,1,1,1,0,0,0,0,NA,NA,NA
NCT01370005,1,1,1,0,0,0,0,NA,NA,NA
NCT01381900,1,1,1,0,0,0,0,NA,NA,NA
NCT01387737,0,0,0,0,0,0,1,no results reported,Results uninterpretable. Low resolution gigure showing change in hba1c,NA
NCT01388361,0,1,1,0,0,0,0,NA,NA,NA
NCT01392573,0,1,1,0,0,0,0,NA,NA,NA
NCT01392677,0,1,1,0,0,0,0,NA,NA,NA
NCT01392898,0,1,1,0,0,0,0,NA,NA,NA
NCT01394341,0,0,0,0,0,0,1,no results reported,Results only given as subgroup. NA,NA
NCT01394952,0,0,0,0,1,1,0,NA,NA,NA
NCT01406717,0,1,1,0,0,0,0,NA,NA,NA
NCT01413204,0,1,1,0,0,0,0,NA,NA,NA
NCT01422876,1,1,1,0,0,0,0,NA,NA,NA
NCT01438814,1,1,1,0,0,0,0,NA,NA,NA
NCT01455857,0,1,1,0,0,0,1,no dispersion statistics reported,NA,NA
NCT01455870,0,0,0,0,0,0,1,no results reported,No results reported,NA
NCT01455896,0,1,1,0,1,1,0,NA,NA,NA
NCT01462266,0,1,1,0,0,0,0,NA,NA,NA
NCT01497522,0,1,1,0,0,0,0,NA,NA,NA
NCT01505426,0,1,1,0,0,0,0,NA,NA,NA
NCT01505673,0,1,1,0,0,0,0,NA,NA,NA
NCT01512108,0,1,1,0,0,0,0,NA,NA,NA
NCT01517321,0,1,1,0,0,0,0,NA,NA,NA
NCT01518101,0,1,1,0,0,0,0,NA,NA,NA
NCT01519674,0,1,1,0,0,0,1,combination treatments only,NA,NA
NCT01521962,0,1,1,0,0,0,1,no dispersion statistics reported,NA,NA
NCT01528254,0,0,0,0,0,0,1,no results reported,"No results. Only gave change in HBA1c results (slope rate of change) for a later period where some patients had ""failed"" treatment",NA
NCT01529528,0,0,0,0,0,0,1,no results reported,No results reported,NA
NCT01529541,0,0,0,0,0,0,1,no results reported,No results reported,NA
NCT01541215,0,0,0,0,0,0,1,wrong population,Age < 18 years only. NA,NA
NCT01541956,0,1,1,0,0,0,0,NA,NA,NA
NCT01547104,0,1,1,0,0,0,0,NA,NA,NA
NCT01558271,0,1,1,0,0,0,0,NA,NA,NA
NCT01572740,0,1,1,0,0,0,0,NA,NA,NA
NCT01582230,0,1,1,0,0,0,0,NA,NA,NA
NCT01584232,0,1,1,0,0,0,0,NA,NA,NA
NCT01590771,0,1,1,0,0,0,0,NA,NA,NA
NCT01590797,0,1,1,0,0,0,0,NA,NA,NA
NCT01595789,0,0,0,0,0,0,1,no results reported,No results reported,NA
NCT01601990,0,1,1,0,0,0,0,NA,NA,NA
NCT01602003,0,1,1,0,0,0,0,NA,NA,NA
NCT01606007,1,1,1,0,0,0,0,NA,NA,NA
NCT01617434,0,1,1,0,0,0,0,NA,NA,NA
NCT01619059,0,1,1,0,0,0,0,NA,NA,NA
NCT01620489,0,1,1,0,0,0,0,NA,NA,NA
NCT01621178,1,1,1,0,0,0,0,NA,NA,NA
NCT01624259,1,1,1,0,0,0,0,NA,NA,NA
NCT01632007,0,1,1,0,0,0,0,NA,NA,NA
NCT01632163,0,1,1,0,0,0,0,NA,NA,NA
NCT01644500,0,1,1,0,0,0,0,NA,NA,NA
NCT01646320,0,1,1,0,0,0,0,NA,NA,NA
NCT01648582,0,1,1,0,0,0,0,NA,NA,NA
NCT01649466,0,1,1,0,0,0,1,no dispersion statistics reported,NA,NA
NCT01652716,0,1,1,0,0,0,0,NA,NA,NA
NCT01652729,0,1,1,0,0,0,0,NA,NA,NA
NCT01654120,0,0,0,0,0,0,1,no results reported,No results reported,NA
NCT01676116,0,1,1,0,0,0,0,NA,NA,NA
NCT01682759,0,1,1,0,0,0,0,NA,NA,NA
NCT01697592,0,1,1,0,0,0,0,NA,NA,NA
NCT01698775,0,1,1,0,0,0,0,NA,NA,NA
NCT01703208,0,1,1,0,1,1,0,NA,NA,NA
NCT01703221,0,1,1,0,0,0,0,NA,NA,NA
NCT01704261,0,1,1,0,0,0,0,NA,NA,NA
NCT01708902,1,1,1,0,0,0,0,NA,NA,NA
NCT01717313,0,1,1,0,0,0,0,NA,NA,NA
NCT01719003,1,1,1,0,0,0,0,NA,NA,NA
NCT01720446,0,1,1,0,1,1,0,NA,NA,NA
NCT01730534,0,0,0,0,1,1,0,NA,NA,NA
NCT01733758,1,1,1,0,0,0,0,NA,NA,NA
NCT01734785,1,1,1,0,0,0,0,NA,NA,NA
NCT01744236,0,1,1,0,0,0,0,NA,NA,NA
NCT01755156,0,1,1,0,0,0,0,NA,NA,NA
NCT01755572,0,0,0,0,0,0,1,wrong phase/study design,<12 weeks. <12 weeks,NA
NCT01757587,0,0,0,0,0,0,1,no results reported,No results reported,NA
NCT01761318,0,1,1,0,0,0,0,NA,NA,NA
NCT01766778,0,1,1,0,0,0,1,single arm trial after collapsing by drug or drug and dose,"Fewer than 2 arms after collapsing arms as follows:- Simplify insulins to a single code A10A. Keep dose for metformin, SGLT2, GLP1 and DPP4. drop dose for drug class level comparisons and drugs not in key classes. Reduce to drug (ie remove dose and regimen) for the trials in these remaining classes.",NA
NCT01768559,0,1,1,0,0,0,0,NA,NA,NA
NCT01769378,1,1,1,0,0,0,0,NA,NA,NA
NCT01778049,1,1,1,0,0,0,1,wrong comparator,NA,"Same drug different dosesin both arms for open period, only then progresses to a comparison period with a placebo"
NCT01787396,0,1,1,0,0,0,1,no dispersion statistics reported,NA,NA
NCT01792518,1,1,1,0,0,0,0,NA,NA,NA
NCT01794143,0,0,0,0,0,0,1,no results reported,No results reported,NA
NCT01798238,0,1,1,0,0,0,0,NA,NA,NA
NCT01798706,0,1,1,0,0,0,0,NA,NA,NA
NCT01805830,0,1,1,0,0,0,0,NA,NA,NA
NCT01809327,1,1,1,0,0,0,0,NA,NA,NA
NCT01814748,0,1,1,0,0,0,0,NA,NA,NA
NCT01822548,0,1,1,0,0,0,1,only reported outcomes as medians or percentage change,NA,NA
NCT01841697,0,1,1,0,0,0,0,NA,NA,NA
NCT01847144,0,0,0,0,0,0,1,no results reported,No results reported,NA
NCT01871558,0,1,1,0,0,0,0,NA,NA,NA
NCT01882907,0,1,1,0,0,0,0,NA,NA,NA
NCT01885208,0,1,1,0,0,0,0,NA,NA,NA
NCT01890122,1,1,1,0,0,0,0,NA,NA,NA
NCT01897532,0,0,0,0,1,1,0,NA,NA,NA
NCT01907854,0,1,1,0,0,0,0,NA,NA,NA
NCT01919489,0,1,1,0,0,0,0,NA,NA,NA
NCT01930188,0,1,1,0,0,0,0,NA,NA,NA
NCT01939496,0,0,0,0,0,0,1,weight only,No results reported,NA
NCT01952145,0,1,1,0,0,0,1,combination treatments only,NA,NA
NCT01958671,0,1,1,0,0,0,0,NA,NA,NA
NCT01966978,0,1,1,0,0,0,0,NA,NA,NA
NCT01968044,0,1,1,0,0,0,0,NA,NA,NA
NCT01973231,0,1,1,0,0,0,0,NA,NA,NA
NCT01986855,0,1,1,0,0,0,0,NA,NA,NA
NCT01986881,0,1,1,0,1,1,0,NA,NA,NA
NCT01989754,1,0,1,1,0,1,0,NA,NA,NA
NCT01990469,0,1,1,0,0,0,0,NA,NA,NA
NCT01999218,0,1,1,0,0,0,0,NA,NA,NA
NCT02002221,0,1,1,0,0,0,0,NA,NA,NA
NCT02007278,0,1,1,0,0,0,0,NA,NA,NA
NCT02008682,0,1,1,0,0,0,0,NA,NA,NA
NCT02015299,0,1,1,0,0,0,0,NA,NA,NA
NCT02024477,0,1,1,0,0,0,0,NA,NA,NA
NCT02025907,1,1,1,0,0,0,0,NA,NA,NA
NCT02033889,0,1,1,0,0,0,0,NA,NA,NA
NCT02036515,0,1,1,0,0,0,0,NA,NA,NA
NCT02043054,0,1,1,0,0,0,0,NA,NA,NA
NCT02054897,0,1,1,0,0,0,0,NA,NA,NA
NCT02058147,0,1,1,0,0,0,0,NA,NA,NA
NCT02058160,0,1,1,0,0,0,1,combination treatments only,NA,NA
NCT02061969,0,1,1,0,0,0,0,NA,NA,NA
NCT02065791,1,0,1,1,0,1,0,NA,NA,NA
NCT02081599,0,1,1,0,0,0,0,NA,NA,NA
NCT02096705,0,1,1,0,0,0,0,NA,NA,NA
NCT02097342,0,1,1,0,0,0,1,only reported outcomes as medians or percentage change,NA,NA
NCT02099110,0,1,1,0,0,0,0,NA,NA,NA
NCT02104804,0,1,1,0,0,0,0,NA,NA,NA
NCT02106104,0,1,1,0,0,0,0,NA,NA,NA
NCT02128932,0,1,1,0,0,0,0,NA,NA,NA
NCT02145611,0,1,1,0,0,0,0,NA,NA,NA
NCT02147925,0,1,1,0,0,0,0,NA,NA,NA
NCT02152371,1,1,1,0,0,0,0,NA,NA,NA
NCT02157298,0,1,1,0,0,0,0,NA,NA,NA
NCT02162550,0,0,0,0,0,0,1,no results reported,No results reported,NA
NCT02175784,0,1,1,0,0,0,0,NA,NA,NA
NCT02176681,0,1,1,0,0,0,0,NA,NA,NA
NCT02182830,0,1,1,0,0,0,0,NA,NA,NA
NCT02194595,0,1,1,0,0,0,0,NA,NA,NA
NCT02201004,0,1,1,0,0,0,0,NA,NA,NA
NCT02207374,0,1,1,0,0,0,0,NA,NA,NA
NCT02220920,0,1,1,0,0,0,0,NA,NA,NA
NCT02226003,0,1,1,0,0,0,1,combination treatments only,NA,NA
NCT02229227,1,1,1,0,0,0,0,NA,NA,NA
NCT02229383,0,1,1,0,0,0,0,NA,NA,NA
NCT02229396,0,1,1,0,0,0,0,NA,NA,NA
NCT02231021,0,0,0,0,0,0,1,no results reported,No results reported,NA
NCT02235298,0,1,1,0,0,0,0,NA,NA,NA
NCT02240680,0,1,1,0,0,0,0,NA,NA,NA
NCT02243176,0,1,1,0,0,0,0,NA,NA,NA
NCT02251431,0,0,0,0,0,0,1,no results reported,No results reported,NA
NCT02254291,0,1,1,0,0,0,0,NA,NA,NA
NCT02273050,0,1,1,0,0,0,0,NA,NA,NA
NCT02276196,0,0,0,0,0,0,1,wrong phase/study design,<12 weeks. <12 weeks,NA
NCT02280486,0,1,1,0,0,0,0,NA,NA,NA
NCT02284893,1,1,1,0,0,0,1,combination treatments only,NA,NA
NCT02288273,0,1,1,0,0,0,0,NA,NA,NA
NCT02303730,0,0,0,0,0,0,1,no results reported,No results reported,NA
NCT02304081,0,0,0,0,0,0,1,weight only,NA,NA
NCT02305381,0,1,1,0,0,0,0,NA,NA,NA
NCT02324569,0,1,1,0,0,0,0,NA,NA,NA
NCT02324842,0,1,1,0,0,0,0,NA,NA,NA
NCT02325960,0,1,1,0,0,0,0,NA,NA,NA
NCT02330406,0,1,1,0,0,0,1,no dispersion statistics reported,NA,NA
NCT02338921,0,0,0,0,0,0,1,no results reported,No results reported,NA
NCT02343926,0,1,1,0,0,0,0,NA,NA,NA
NCT02354222,0,1,1,0,0,0,0,NA,NA,NA
NCT02354235,0,1,1,0,0,0,0,NA,NA,NA
NCT02360774,0,1,1,0,0,0,0,NA,NA,NA
NCT02413398,0,1,1,0,0,0,0,NA,NA,NA
NCT02420262,0,1,1,0,0,0,1,combination treatments only,NA,NA
NCT02429258,0,1,1,0,0,0,0,NA,NA,NA
NCT02433678,0,1,1,0,0,0,0,NA,NA,NA
NCT02449603,0,1,1,0,0,0,0,NA,NA,NA
NCT02452632,0,1,1,0,0,0,0,NA,NA,NA
NCT02453555,0,1,1,0,0,0,0,NA,NA,NA
NCT02455076,0,1,1,0,0,0,0,NA,NA,NA
NCT02459353,0,1,1,0,0,0,0,NA,NA,NA
NCT02465515,1,1,1,1,0,1,0,NA,NA,NA
NCT02467478,0,1,1,0,0,0,0,NA,NA,NA
NCT02471404,1,1,1,0,0,0,0,NA,NA,NA
NCT02477865,0,1,1,0,0,0,1,Disconnected from network.,NA,NA
NCT02477969,0,1,1,0,0,0,1,Disconnected from network.,NA,NA
NCT02480465,0,1,1,0,0,0,1,no dispersion statistics reported,NA,NA
NCT02489968,1,1,1,0,0,0,0,NA,NA,NA
NCT02501161,0,1,1,0,0,0,1,combination treatments only,NA,NA
NCT02501616,0,1,1,0,0,0,1,only reported outcomes as medians or percentage change,NA,NA
NCT02505334,0,1,1,0,0,0,0,NA,NA,NA
NCT02512068,0,1,1,0,0,0,0,NA,NA,NA
NCT02532855,0,1,1,0,0,0,0,NA,NA,NA
NCT02551874,0,1,1,0,0,0,1,combination treatments only,NA,NA
NCT02564926,0,1,1,0,0,0,0,NA,NA,NA
NCT02567994,0,1,1,0,0,0,0,NA,NA,NA
NCT02577003,0,1,1,0,0,0,0,NA,NA,NA
NCT02577016,0,1,1,0,0,0,0,NA,NA,NA
NCT02589626,0,1,1,0,0,0,0,NA,NA,NA
NCT02589639,0,1,1,0,0,0,0,NA,NA,NA
NCT02597049,1,1,1,0,0,0,0,NA,NA,NA
NCT02607306,0,1,1,0,0,0,0,NA,NA,NA
NCT02607410,0,0,0,0,0,0,1,no results reported,results only given as 'no effect on hba1c or weight'. NA,NA
NCT02607865,0,1,1,0,0,0,0,NA,NA,NA
NCT02613897,0,1,1,0,0,0,0,NA,NA,NA
NCT02630706,0,1,1,0,0,0,0,NA,NA,NA
NCT02648204,0,1,1,0,0,0,0,NA,NA,NA
NCT02649465,0,1,1,0,0,0,1,only reported outcomes as medians or percentage change,NA,NA
NCT02653209,0,0,0,0,0,0,1,no results reported,No results reported,NA
NCT02655757,0,0,0,0,0,0,1,no results reported,No results reported,NA
NCT02655770,0,1,1,0,0,0,0,NA,NA,NA
NCT02660047,0,1,1,0,0,0,0,NA,NA,NA
NCT02681094,1,1,1,0,0,0,0,NA,NA,NA
NCT02682563,0,0,0,0,0,0,1,weight only,NA,NA
NCT02683746,0,0,0,0,0,0,1,wrong comparator,"wrong comparator (same drug in both arms, different preparations). NA",NA
NCT02690883,0,1,1,0,0,0,0,NA,NA,NA
NCT02692716,0,1,1,0,1,1,0,NA,NA,NA
NCT02715258,0,1,1,0,0,0,0,NA,NA,NA
NCT02730377,0,1,1,0,0,0,0,NA,NA,NA
NCT02738879,0,1,1,0,0,0,0,NA,NA,NA
NCT02750410,0,1,1,0,0,0,0,NA,NA,NA
NCT02751398,0,0,0,0,0,0,1,weight only,NA,NA
NCT02752113,0,1,1,0,0,0,1,combination treatments only,NA,NA
NCT02752412,0,1,1,0,0,0,0,NA,NA,NA
NCT02752828,0,1,1,0,0,0,0,NA,NA,NA
NCT02769481,0,1,1,0,0,0,0,NA,NA,NA
NCT02773368,0,1,1,0,0,0,1,combination treatments only,NA,NA
NCT02787551,0,1,1,0,0,0,1,combination treatments only,NA,NA
NCT02791490,0,1,1,0,0,0,0,NA,NA,NA
NCT02794792,0,1,1,0,0,0,0,NA,NA,NA
NCT02798744,0,1,1,0,0,0,0,NA,NA,NA
NCT02827708,0,1,1,0,0,0,0,NA,NA,NA
NCT02831361,0,1,1,0,0,0,0,NA,NA,NA
NCT02836873,0,1,1,0,0,0,0,NA,NA,NA
NCT02849080,0,1,1,0,0,0,0,NA,NA,NA
NCT02851745,0,1,1,0,0,0,0,NA,NA,NA
NCT02853630,0,0,0,0,0,0,1,no results reported,No results reported,NA
NCT02863328,0,1,1,0,0,0,0,NA,NA,NA
NCT02863419,0,1,1,0,0,0,0,NA,NA,NA
NCT02875821,0,1,1,0,0,0,0,NA,NA,NA
NCT02887677,0,1,1,0,0,0,0,NA,NA,NA
NCT02889510,0,1,1,0,0,0,0,NA,NA,NA
NCT02897349,0,1,1,0,0,0,0,NA,NA,NA
NCT02906709,0,1,1,0,0,0,0,NA,NA,NA
NCT02906930,0,1,1,0,0,0,0,NA,NA,NA
NCT02911948,0,1,1,0,0,0,0,NA,NA,NA
NCT02912455,0,1,1,0,0,0,0,NA,NA,NA
NCT02914691,0,1,1,0,0,0,0,NA,NA,NA
NCT02916706,0,1,1,0,0,0,0,NA,NA,NA
NCT02919345,0,0,0,0,0,0,1,no results reported,No results reported,NA
NCT02920801,0,1,1,0,0,0,0,NA,NA,NA
NCT02924064,0,1,1,0,0,0,0,NA,NA,NA
NCT02925559,0,1,1,0,0,0,0,NA,NA,NA
NCT02926937,0,1,1,0,0,0,0,NA,NA,NA
NCT02926950,0,1,1,0,0,0,0,NA,NA,NA
NCT02932436,0,1,1,0,0,0,0,NA,NA,NA
NCT02946541,0,1,1,0,0,0,1,no dispersion statistics reported,NA,NA
NCT02949193,0,1,1,0,0,0,0,NA,NA,NA
NCT02956811,0,1,1,0,0,0,0,NA,NA,NA
NCT02963922,0,1,1,0,0,0,0,NA,NA,NA
NCT02964247,0,1,1,0,0,0,0,NA,NA,NA
NCT02964585,0,1,1,0,0,0,0,NA,NA,NA
NCT02973477,0,1,1,0,0,0,0,NA,NA,NA
NCT02974504,0,1,1,0,0,0,0,NA,NA,NA
NCT02998970,0,1,1,0,0,0,0,NA,NA,NA
NCT02999841,0,1,1,0,0,0,0,NA,NA,NA
NCT03007329,0,1,1,0,0,0,0,NA,NA,NA
NCT03011177,0,0,0,0,0,0,1,no results reported,No results reported,NA
NCT03015220,0,1,1,0,0,0,0,NA,NA,NA
NCT03018028,0,1,1,0,0,0,0,NA,NA,NA
NCT03021187,0,1,1,0,0,0,0,NA,NA,NA
NCT03050229,0,1,1,0,0,0,1,only reported outcomes as medians or percentage change,NA,NA
NCT03061214,0,1,1,0,0,0,0,NA,NA,NA
NCT03066830,0,1,1,0,0,0,0,NA,NA,NA
NCT03068065,0,1,1,0,0,0,0,NA,NA,NA
NCT03076112,0,0,0,0,0,0,1,no results reported,No results reported,NA
NCT03086330,0,1,1,0,0,0,0,NA,NA,NA
NCT03089333,0,0,0,0,0,0,1,weight only,No results reported,NA
NCT03115112,0,1,1,0,0,0,0,NA,NA,NA
NCT03125694,0,1,1,0,0,0,0,NA,NA,NA
NCT03136484,0,1,1,0,0,0,0,NA,NA,NA
NCT03151343,0,1,1,0,0,0,0,NA,NA,NA
NCT03159052,0,1,1,0,0,0,0,NA,NA,NA
NCT03172494,0,1,1,0,0,0,0,NA,NA,NA
NCT03175120,0,1,1,0,0,0,0,NA,NA,NA
NCT03191396,0,1,1,0,0,0,0,NA,NA,NA
NCT03202563,0,1,1,0,0,0,0,NA,NA,NA
NCT03231709,0,1,1,0,0,0,0,NA,NA,NA
NCT03242018,0,1,1,0,0,0,0,NA,NA,NA
NCT03242252,0,1,1,0,0,0,0,NA,NA,NA
NCT03259789,0,1,1,0,0,0,0,NA,NA,NA
NCT03313752,0,0,0,0,0,0,1,no results reported,No results reported,NA
NCT03315143,0,1,1,0,1,1,0,NA,NA,NA
NCT03332771,0,1,1,0,0,0,0,NA,NA,NA
NCT03338855,0,1,1,0,0,0,0,NA,NA,NA
NCT03351478,0,1,1,0,0,0,0,NA,NA,NA
NCT03353350,0,1,1,0,0,0,0,NA,NA,NA
NCT03361098,0,1,1,0,0,0,0,NA,NA,NA
NCT03387683,0,1,1,0,0,0,0,NA,NA,NA
NCT03436693,0,1,1,0,0,0,1,"unclear which treatment regime level (mono, dual or triple",NA,NA
NCT03449654,0,1,1,0,0,0,0,NA,NA,NA
NCT03458715,0,1,1,0,0,0,0,NA,NA,NA
NCT03495102,0,1,1,0,0,0,0,NA,NA,NA
NCT03496298,0,0,0,0,1,1,0,NA,NA,NA
NCT03508323,0,1,1,0,0,0,1,Disconnected from network.,NA,NA
NCT03521934,0,0,0,0,1,1,0,NA,NA,NA
NCT03529123,0,0,0,0,0,0,1,no results reported,No results presented. NA,NA
NCT03552757,0,1,1,0,0,0,0,NA,NA,NA
NCT03590626,0,1,1,0,0,0,0,NA,NA,NA
NCT03689374,0,1,1,0,0,0,0,NA,NA,NA
NCT03693560,0,0,0,0,0,0,1,no results reported,No results reported,NA
NCT03730662,0,1,1,0,0,0,0,NA,NA,NA
NCT03737240,0,0,0,0,0,0,1,no results reported,No results reported,NA
NCT03782259,0,0,0,0,0,0,1,no results reported,No results reported,NA
NCT03794336,0,1,1,0,0,0,0,NA,NA,NA
NCT03798054,0,1,1,0,0,0,0,NA,NA,NA
NCT03798080,0,1,1,0,0,0,1,combination treatments only,NA,NA
NCT03819790,0,1,1,0,0,0,1,combination treatments only,NA,NA
NCT03824002,0,1,1,0,0,0,0,NA,NA,NA
NCT03861039,0,1,1,0,0,0,1,single arm trial after collapsing by drug or drug and dose,"Fewer than 2 arms after collapsing arms as follows:- Simplify insulins to a single code A10A. Keep dose for metformin, SGLT2, GLP1 and DPP4. drop dose for drug class level comparisons and drugs not in key classes. Reduce to drug (ie remove dose and regimen) for the trials in these remaining classes.",NA
NCT03861052,0,1,1,0,0,0,0,NA,NA,NA
NCT03882970,0,1,1,0,0,0,0,NA,NA,NA
NCT03940183,0,0,0,0,0,0,1,no results reported,No results reported,NA
NCT03954834,0,1,1,0,0,0,0,NA,NA,NA
NCT03959501,0,0,0,0,0,0,1,no results reported,No results reported,NA
NCT03961659,0,1,1,0,0,0,0,NA,NA,NA
NCT03970044,0,0,0,0,0,0,1,no results reported,No results reported,NA
NCT03987919,0,1,1,0,0,0,0,NA,NA,NA
NCT03989232,0,1,1,0,0,0,0,NA,NA,NA
NCT04013581,0,1,1,0,0,0,0,NA,NA,NA
NCT04017832,0,0,0,0,0,0,1,no results reported,No results reported,NA
NCT04039503,0,1,1,0,0,0,0,NA,NA,NA
NCT04093752,0,1,1,0,0,0,0,NA,NA,NA
NCT04109547,0,0,0,0,0,0,1,no results reported,No results reported,NA
NCT04120623,0,1,1,0,0,0,0,NA,NA,NA
NCT04161430,0,0,0,0,0,0,1,no results reported,No results reported,NA
NCT04170998,0,0,0,0,0,0,1,no results reported,No results reported,NA
NCT04183868,0,1,1,0,0,0,0,NA,NA,NA
NCT04196231,0,1,1,0,0,0,0,NA,NA,NA
NCT04218734,0,1,1,0,0,0,0,NA,NA,NA
NCT04233801,0,1,1,0,0,0,0,NA,NA,NA
NCT04356742,0,0,0,0,0,0,1,no results reported,No results reported,NA
NCT04446026,0,0,0,0,0,0,1,no results reported,No results reported,NA
NCT04470310,0,1,1,0,0,0,0,NA,NA,NA
NCT04531462,0,0,0,0,0,0,1,no results reported,No results. protocol only,NA
NCT04537923,0,0,0,0,0,0,1,no results reported,No results reported,NA
NCT04556851,0,0,0,0,0,0,1,no results reported,No results reported,NA
NCT04564872,0,0,0,0,0,0,1,no results reported,No results reported,NA
NCT04591626,0,0,0,0,0,0,1,no results reported,No results reported,NA
NCT04632862,0,1,1,0,0,0,0,NA,NA,NA
NCT04634500,0,1,1,0,0,0,0,NA,NA,NA
NCT04654390,0,1,1,0,0,0,0,NA,NA,NA
NCT04665284,0,0,0,0,0,0,1,weight only,NA,NA
NCT04801199,0,0,0,0,0,0,1,no results reported,No results reported,NA
NCT04916093,0,1,1,0,0,0,0,NA,NA,NA
NCT05147896,0,0,0,0,0,0,1,no results reported,No results reported,NA
NCT05359432,0,1,1,0,0,0,0,NA,NA,NA
NCT05360147,0,0,0,0,0,0,1,no results reported,No results reported,NA
NCT05360537,0,0,0,0,0,0,1,no results reported,No results reported,NA
NCT05480007,0,1,1,0,0,0,0,NA,NA,NA
Netherlands Trial Register (NTR 4439),0,1,1,0,0,0,0,NA,NA,NA
Netherlands Trial Register NTR6709,0,1,1,0,0,0,0,NA,NA,NA
researchregistry5987,0,0,0,0,0,0,1,no results reported,No results reported,NA
researchregistry6306,0,0,0,0,0,0,1,no results reported,No results reported,NA
TCTR20170511001,0,1,1,0,0,0,0,NA,NA,NA
TCTR20180424002,0,1,1,0,0,0,0,NA,NA,NA
UMIN000003479,0,1,1,0,0,0,0,NA,NA,NA
UMIN000003503,0,1,1,0,0,0,0,NA,NA,NA
UMIN000003784,0,1,1,0,0,0,0,NA,NA,NA
UMIN000003951,0,1,1,0,0,0,0,NA,NA,NA
UMIN000004243,0,1,1,0,0,0,0,NA,NA,NA
UMIN000004490,0,1,1,0,0,0,0,NA,NA,NA
UMIN000004674,0,1,1,0,0,0,0,NA,NA,NA
UMIN000004675,0,1,1,0,0,0,0,NA,NA,NA
UMIN000004678,0,1,1,0,0,0,0,NA,NA,NA
UMIN000004716,0,1,1,0,0,0,0,NA,NA,NA
UMIN000004721,0,1,1,0,0,0,0,NA,NA,NA
UMIN000004791,0,1,1,0,0,0,0,NA,NA,NA
UMIN000004953,0,1,1,0,0,0,0,NA,NA,NA
UMIN000005311,0,1,1,0,0,0,0,NA,NA,NA
UMIN000005331,0,1,1,0,0,0,0,NA,NA,NA
UMIN000005627,0,0,0,0,0,0,1,no results reported,Results uninterpretable. NA,NA
UMIN000005681,0,0,0,0,0,0,1,weight only,NA,NA
UMIN000006278,0,1,1,0,0,0,0,NA,NA,NA
UMIN000006511,0,1,1,0,0,0,0,NA,NA,NA
UMIN000006860,0,0,0,0,0,0,1,wrong comparator,wrong comparator (diet solely). NA,NA
UMIN000006986,0,1,1,0,0,0,0,NA,NA,NA
UMIN000007009,0,1,1,0,0,0,1,combination treatments only,NA,NA
UMIN000007051,0,1,1,0,0,0,1,Disconnected from network.,NA,NA
UMIN000007396,0,1,1,0,0,0,0,NA,NA,NA
UMIN000007635,0,1,1,0,0,0,1,no dispersion statistics reported,NA,NA
UMIN000008155,0,1,1,0,0,0,0,NA,NA,NA
UMIN000009525,0,0,0,0,0,0,1,wrong phase/study design,<12 weeks. NA,NA
UMIN000009544,0,1,1,0,0,0,0,NA,NA,NA
UMIN000010176,0,1,1,0,0,0,0,NA,NA,NA
UMIN000010199,0,0,0,0,0,0,1,wrong phase/study design,<12 weeks. NA,NA
UMIN000010451,0,0,0,0,0,0,1,weight only,NA,NA
UMIN000010769,0,1,1,0,0,0,0,NA,NA,NA
UMIN000010830,0,1,1,0,0,0,0,NA,NA,NA
UMIN000010871,0,1,1,0,0,0,0,NA,NA,NA
UMIN000012224,0,1,1,0,0,0,1,combination treatments only,NA,NA
UMIN000013356,0,1,1,0,0,0,1,only reported outcomes as medians or percentage change,NA,NA
UMIN000013689,0,0,0,0,0,0,1,wrong phase/study design,<12 weeks. NA,NA
UMIN000014140,0,1,1,0,0,0,1,only reported outcomes as medians or percentage change,NA,NA
UMIN000014422,0,1,1,0,0,0,0,NA,NA,NA
UMIN000014531,0,1,1,0,0,0,0,NA,NA,NA
UMIN000014738,0,1,1,0,0,0,0,NA,NA,NA
UMIN000014864,0,1,1,0,0,0,1,only reported outcomes as medians or percentage change,NA,NA
UMIN000015170,0,1,1,0,0,0,1,no dispersion statistics reported,NA,NA
UMIN000015727,0,1,1,0,0,0,1,only reported outcomes as medians or percentage change,NA,NA
UMIN000016563,0,1,1,0,0,0,0,NA,NA,NA
UMIN000017607,0,1,1,0,0,0,0,NA,NA,NA
UMIN000017669,0,0,0,0,0,0,0,Add,Add. Not sure why not in. results in supplement. HbA1c %. Cana 0 (0.7) Glime -0.3 (0.8). Mean difference 0.33,NA
UMIN000018395,0,1,1,0,1,1,1,only reported outcomes as medians or percentage change. MACE no events. MACE no events,NA,NA
UMIN000018445,0,1,1,0,0,0,1,no dispersion statistics reported,NA,NA
UMIN000018754,0,1,1,0,0,0,0,NA,NA,NA
UMIN000018839,0,1,1,0,0,0,0,NA,NA,NA
UMIN000019022,0,1,1,0,0,0,0,NA,NA,NA
UMIN000019253,0,0,0,0,0,0,1,wrong comparator,"wrong comparator (same drug in both arms, different preparations). NA",NA
UMIN000019382,0,1,1,0,0,0,0,NA,NA,NA
UMIN000020239,0,1,1,0,0,0,0,NA,NA,NA
UMIN000020984,0,1,1,0,0,0,0,NA,NA,NA
UMIN000021177,0,1,1,0,0,0,0,NA,NA,NA
UMIN000021291,0,1,1,0,0,0,0,NA,NA,NA
UMIN000021552,0,1,1,0,0,0,0,NA,NA,NA
UMIN000021658,0,1,1,0,0,0,0,NA,NA,NA
UMIN000022155,0,1,1,0,0,0,0,NA,NA,NA
UMIN000022804,0,1,1,0,0,0,0,NA,NA,NA
UMIN000022858,0,1,1,0,0,0,1,no dispersion statistics reported,NA,NA
UMIN000022953,0,1,1,0,0,0,0,NA,NA,NA
UMIN000023487,0,0,0,0,0,0,1,weight only,NA,NA
UMIN000023834,0,1,1,0,0,0,0,NA,NA,NA
UMIN000024284,0,1,1,0,0,0,0,NA,NA,NA
UMIN000024427,0,0,0,0,0,0,0,Add,"Add. Not sure why not in. ""The mean ± SD change in HbA1c from baseline to week 12 were - 0.96 ± 0.50% (P = 0.003), - 1.24 ± 0.74% (P = 0.007), and - 1.40 ± 1.16% (P =0.005) in the dapagliflozin, sitagliptin, and metformin groups, respectively.""",NA
UMIN000024502,0,1,1,0,0,0,0,NA,NA,NA
UMIN000024663,0,1,1,0,0,0,0,NA,NA,NA
UMIN000024865,0,1,1,0,0,0,1,only reported outcomes as medians or percentage change,NA,NA
UMIN000025102,0,0,0,0,0,0,1,no results reported,"No results, rationale paper only. NA",NA
UMIN000025418,0,1,1,0,0,0,0,NA,NA,NA
UMIN000026161,0,1,1,0,0,0,0,NA,NA,NA
UMIN000026340,0,1,1,0,0,0,0,NA,NA,NA
UMIN000027095,0,1,1,0,0,0,0,NA,NA,NA
UMIN000027614,0,1,1,0,0,0,0,NA,NA,NA
UMIN000028014,0,1,1,0,0,0,0,NA,NA,NA
UMIN000028293,0,1,1,0,0,0,0,NA,NA,NA
UMIN000029628,0,0,0,0,0,0,1,wrong phase/study design,<12 weeks. NA,NA
UMIN000030158,0,1,1,0,0,0,0,NA,NA,NA
UMIN000030343,0,1,1,0,0,0,0,NA,NA,NA
UMIN000030514,0,1,1,0,0,0,0,NA,NA,NA
UMIN000031451,0,1,1,0,0,0,0,NA,NA,NA
UMIN000034951,0,1,1,0,0,0,0,NA,NA,NA
UMIN000035660,0,1,1,0,0,0,0,NA,NA,NA
UMIN000036202,0,0,0,0,0,0,1,no results reported,No results reported,NA
UMIN000038459,0,1,1,0,0,0,0,NA,NA,NA
UMIN000038503,0,1,1,0,0,0,1,single arm trial after collapsing by drug or drug and dose,"Fewer than 2 arms after collapsing arms as follows:- Simplify insulins to a single code A10A. Keep dose for metformin, SGLT2, GLP1 and DPP4. drop dose for drug class level comparisons and drugs not in key classes. Reduce to drug (ie remove dose and regimen) for the trials in these remaining classes.",NA
UMIN000039079,0,1,1,0,0,0,0,NA,NA,NA
UMIN000041551,0,1,1,0,0,0,0,NA,NA,NA
UMIN000045003,0,0,0,0,0,0,1,no results reported,No results reported,NA
UMIN000045270,0,0,0,0,0,0,1,no results reported,No results. protocol only,NA
UMINR000006517,0,1,1,0,0,0,0,NA,NA,NA
UTN 1111-1181-9567,0,1,1,0,0,0,1,only reported outcomes as medians or percentage change,NA,NA
